=== Run information ===

Scheme:       weka.classifiers.bayes.NaiveBayes 
Relation:     KDDTrain+.txt
Instances:    125973
Attributes:   43
              att1
              att2
              att3
              att4
              att5
              att6
              att7
              att8
              att9
              att10
              att11
              att12
              att13
              att14
              att15
              att16
              att17
              att18
              att19
              att20
              att21
              att22
              att23
              att24
              att25
              att26
              att27
              att28
              att29
              att30
              att31
              att32
              att33
              att34
              att35
              att36
              att37
              att38
              att39
              att40
              att41
              att42
              att43
Test mode:    evaluate on training data

=== Classifier model (full training set) ===

Naive Bayes Classifier

                          Class
Attribute                normal         neptune     warezclient         ipsweep       portsweep        teardrop            nmap           satan           smurf             pod            back    guess_passwd       ftp_write        multihop         rootkit buffer_overflow            imap     warezmaster             phf            land      loadmodule             spy            perl
                         (0.53)          (0.33)          (0.01)          (0.03)          (0.02)          (0.01)          (0.01)          (0.03)          (0.02)             (0)          (0.01)             (0)             (0)             (0)             (0)             (0)             (0)             (0)             (0)             (0)             (0)             (0)             (0)
================================================================================================================================================================================================================================================================================================================================================================================================
att1
  mean                  168.4901               0        704.7415          3.5407       8246.5401               0               0          0.0753               0               0          0.2862          2.7167          32.397        183.0686         99.3507         90.2316          6.5448         18.7183          3.5997               0         33.5969        316.7705          43.196
  std. dev.            1304.4296          2.3998       2348.9328        212.3802       13618.308          2.3998          2.3998          2.3998          2.3998          2.3998          2.3998         11.5517         43.6436        235.8059        204.7902         95.5774          14.219         32.5486          6.2348          2.3998         38.9917         14.3987         11.7565
  weight sum               67343           41214             890            3599            2931             892            1493            3633            2646             201             956              53               8               7              10              30              11              20               4              18               9               2               3
  precision              14.3987         14.3987         14.3987         14.3987         14.3987         14.3987         14.3987         14.3987         14.3987         14.3987         14.3987         14.3987         14.3987         14.3987         14.3987         14.3987         14.3987         14.3987         14.3987         14.3987         14.3987         14.3987         14.3987

att2
  tcp                    53601.0         41215.0           891.0           483.0          2927.0             1.0           266.0          2185.0             1.0             1.0           957.0            54.0             9.0             8.0             8.0            31.0            12.0            21.0             5.0            19.0            10.0             3.0             4.0
  udp                    12435.0             1.0             1.0             1.0             1.0           893.0           248.0          1418.0             1.0             1.0             1.0             1.0             1.0             1.0             4.0             1.0             1.0             1.0             1.0             1.0             1.0             1.0             1.0
  icmp                    1310.0             1.0             1.0          3118.0             6.0             1.0           982.0            33.0          2647.0           202.0             1.0             1.0             1.0             1.0             1.0             1.0             1.0             1.0             1.0             1.0             1.0             1.0             1.0
  [total]                67346.0         41217.0           893.0          3602.0          2934.0           895.0          1496.0          3636.0          2649.0           204.0           959.0            56.0            11.0            10.0            13.0            33.0            14.0            23.0             7.0            21.0            12.0             5.0             6.0

att3
  ftp_data                4985.0          1210.0           580.0            13.0            15.0             1.0             2.0            25.0             1.0             1.0             1.0             1.0             5.0             4.0             2.0             9.0             1.0            19.0             1.0             1.0             4.0             1.0             1.0
  other                   2605.0            59.0             6.0             1.0           488.0             1.0             1.0          1203.0             1.0             1.0             1.0             1.0             1.0             1.0             4.0             1.0             1.0             1.0             1.0             1.0             1.0             1.0             1.0
  private                  983.0         15080.0             1.0           332.0          1948.0           893.0           469.0          2155.0             1.0             1.0             1.0             1.0             1.0             1.0             1.0             1.0             1.0             1.0             1.0             1.0             1.0             1.0             1.0
  http                   38050.0          1300.0             1.0             8.0            16.0             1.0             2.0             8.0             1.0             1.0           957.0             1.0             1.0             1.0             1.0             1.0             1.0             1.0             5.0             1.0             1.0             1.0             1.0
  remote_job                 1.0            61.0             1.0             5.0            12.0             1.0             1.0             4.0             1.0             1.0             1.0             1.0             1.0             1.0             1.0             1.0             1.0             1.0             1.0             1.0             1.0             1.0             1.0
  name                       1.0           429.0             1.0             7.0            14.0             1.0             2.0             4.0             1.0             1.0             1.0             1.0             1.0             1.0             1.0             1.0             1.0             1.0             1.0             1.0             1.0             1.0             1.0
  netbios_ns                 1.0           337.0             1.0             1.0            10.0             1.0             2.0             2.0             1.0             1.0             1.0             1.0             1.0             1.0             1.0             1.0             1.0             1.0             1.0             1.0             1.0             1.0             1.0
  eco_i                    498.0             1.0             1.0          3091.0             5.0             1.0           976.0            21.0             1.0             1.0             1.0             1.0             1.0             1.0             1.0             1.0             1.0             1.0             1.0             1.0             1.0             1.0             1.0
  mtp                        1.0           417.0             1.0             8.0            14.0             1.0             2.0             3.0             1.0             1.0             1.0             1.0             1.0             1.0             1.0             1.0             1.0             1.0             1.0             1.0             1.0             1.0             1.0
  telnet                   918.0          1312.0             1.0            14.0            13.0             1.0             2.0             8.0             1.0             1.0             1.0            54.0             1.0             3.0             6.0            22.0             1.0             1.0             1.0             2.0             6.0             3.0             4.0
  finger                   546.0          1152.0             1.0            14.0            14.0             1.0             2.0            28.0             1.0             1.0             1.0             1.0             1.0             1.0             1.0             1.0             1.0             1.0             1.0            18.0             1.0             1.0             1.0
  domain_u                9035.0             1.0             1.0             1.0             1.0             1.0             1.0            10.0             1.0             1.0             1.0             1.0             1.0             1.0             1.0             1.0             1.0             1.0             1.0             1.0             1.0             1.0             1.0
  supdup                     1.0           529.0             1.0             1.0            13.0             1.0             2.0             4.0             1.0             1.0             1.0             1.0             1.0             1.0             1.0             1.0             1.0             1.0             1.0             1.0             1.0             1.0             1.0
  uucp_path                  1.0           677.0             1.0             1.0            11.0             1.0             2.0             3.0             1.0             1.0             1.0             1.0             1.0             1.0             1.0             1.0             1.0             1.0             1.0             1.0             1.0             1.0             1.0
  Z39_50                     1.0           852.0             1.0             1.0             9.0             1.0             2.0             3.0             1.0             1.0             1.0             1.0             1.0             1.0             1.0             1.0             1.0             1.0             1.0             1.0             1.0             1.0             1.0
  smtp                    7030.0           242.0             1.0            14.0            16.0             1.0             2.0            15.0             1.0             1.0             1.0             1.0             1.0             1.0             1.0             1.0             1.0             1.0             1.0             1.0             1.0             1.0             1.0
  csnet_ns                   1.0           534.0             1.0             1.0             9.0             1.0             2.0             4.0             1.0             1.0             1.0             1.0             1.0             1.0             1.0             1.0             1.0             1.0             1.0             1.0             1.0             1.0             1.0
  uucp                       1.0           770.0             1.0             1.0             6.0             1.0             2.0             6.0             1.0             1.0             1.0             1.0             1.0             1.0             1.0             1.0             1.0             1.0             1.0             1.0             1.0             1.0             1.0
  netbios_dgm                1.0           393.0             1.0             1.0            11.0             1.0             2.0             3.0             1.0             1.0             1.0             1.0             1.0             1.0             1.0             1.0             1.0             1.0             1.0             1.0             1.0             1.0             1.0
  urp_i                    600.0             1.0             1.0             1.0             1.0             1.0             1.0             4.0             1.0             1.0             1.0             1.0             1.0             1.0             1.0             1.0             1.0             1.0             1.0             1.0             1.0             1.0             1.0
  auth                     237.0           704.0             1.0             1.0             9.0             1.0             2.0             8.0             1.0             1.0             1.0             1.0             1.0             1.0             1.0             1.0             1.0             1.0             1.0             1.0             1.0             1.0             1.0
  domain                    39.0           509.0             1.0            10.0            12.0             1.0             2.0             3.0             1.0             1.0             1.0             1.0             1.0             1.0             1.0             1.0             1.0             1.0             1.0             1.0             1.0             1.0             1.0
  ftp                      919.0           490.0           307.0            12.0            13.0             1.0             2.0             9.0             1.0             1.0             1.0             1.0             3.0             3.0             2.0             2.0             1.0             3.0             1.0             1.0             2.0             1.0             1.0
  bgp                        1.0           700.0             1.0             1.0            10.0             1.0             2.0             2.0             1.0             1.0             1.0             1.0             1.0             1.0             1.0             1.0             1.0             1.0             1.0             1.0             1.0             1.0             1.0
  ldap                       1.0           404.0             1.0             1.0             6.0             1.0             2.0             2.0             1.0             1.0             1.0             1.0             1.0             1.0             1.0             1.0             1.0             1.0             1.0             1.0             1.0             1.0             1.0
  ecr_i                    191.0             1.0             1.0            28.0             2.0             1.0             7.0            10.0          2647.0           199.0             1.0             1.0             1.0             1.0             1.0             1.0             1.0             1.0             1.0             1.0             1.0             1.0             1.0
  gopher                     1.0           486.0             1.0            11.0            13.0             1.0             2.0            11.0             1.0             1.0             1.0             1.0             1.0             1.0             1.0             1.0             1.0             1.0             1.0             1.0             1.0             1.0             1.0
  vmnet                      1.0           607.0             1.0             1.0             9.0             1.0             2.0             3.0             1.0             1.0             1.0             1.0             1.0             1.0             1.0             1.0             1.0             1.0             1.0             1.0             1.0             1.0             1.0
  systat                     1.0           461.0             1.0             1.0            14.0             1.0             2.0             4.0             1.0             1.0             1.0             1.0             1.0             1.0             1.0             1.0             1.0             1.0             1.0             1.0             1.0             1.0             1.0
  http_443                   1.0           524.0             1.0             1.0             6.0             1.0             2.0             2.0             1.0             1.0             1.0             1.0             1.0             1.0             1.0             1.0             1.0             1.0             1.0             1.0             1.0             1.0             1.0
  efs                        1.0           479.0             1.0             1.0             5.0             1.0             2.0             3.0             1.0             1.0             1.0             1.0             1.0             1.0             1.0             1.0             1.0             1.0             1.0             1.0             1.0             1.0             1.0
  whois                      1.0           671.0             1.0             6.0            15.0             1.0             2.0             4.0             1.0             1.0             1.0             1.0             1.0             1.0             1.0             1.0             1.0             1.0             1.0             1.0             1.0             1.0             1.0
  imap4                      4.0           623.0             1.0             1.0             9.0             1.0             2.0             3.0             1.0             1.0             1.0             1.0             1.0             1.0             1.0             1.0            12.0             1.0             1.0             1.0             1.0             1.0             1.0
  iso_tsap                   1.0           676.0             1.0             1.0            10.0             1.0             2.0             3.0             1.0             1.0             1.0             1.0             1.0             1.0             1.0             1.0             1.0             1.0             1.0             1.0             1.0             1.0             1.0
  echo                       1.0           417.0             1.0             1.0            15.0             1.0             2.0             4.0             1.0             1.0             1.0             1.0             1.0             1.0             1.0             1.0             1.0             1.0             1.0             1.0             1.0             1.0             1.0
  klogin                     1.0           426.0             1.0             1.0             6.0             1.0             2.0             3.0             1.0             1.0             1.0             1.0             1.0             1.0             1.0             1.0             1.0             1.0             1.0             1.0             1.0             1.0             1.0
  link                       1.0           455.0             1.0             8.0            12.0             1.0             2.0             3.0             1.0             1.0             1.0             1.0             1.0             1.0             1.0             1.0             1.0             1.0             1.0             1.0             1.0             1.0             1.0
  sunrpc                     1.0           370.0             1.0             1.0             9.0             1.0             2.0             4.0             1.0             1.0             1.0             1.0             1.0             1.0             1.0             1.0             1.0             1.0             1.0             1.0             1.0             1.0             1.0
  login                      1.0           421.0             1.0             1.0             5.0             1.0             1.0             4.0             1.0             1.0             1.0             1.0             3.0             1.0             1.0             1.0             1.0             1.0             1.0             1.0             1.0             1.0             1.0
  kshell                     1.0           293.0             1.0             1.0             5.0             1.0             2.0             3.0             1.0             1.0             1.0             1.0             1.0             1.0             1.0             1.0             1.0             1.0             1.0             1.0             1.0             1.0             1.0
  sql_net                    1.0           234.0             1.0             1.0            10.0             1.0             2.0             3.0             1.0             1.0             1.0             1.0             1.0             1.0             1.0             1.0             1.0             1.0             1.0             1.0             1.0             1.0             1.0
  time                      77.0           552.0             1.0            12.0            13.0             1.0             2.0             4.0             1.0             1.0             1.0             1.0             1.0             1.0             1.0             1.0             1.0             1.0             1.0             1.0             1.0             1.0             1.0
  hostnames                  1.0           448.0             1.0             1.0            10.0             1.0             2.0             4.0             1.0             1.0             1.0             1.0             1.0             1.0             1.0             1.0             1.0             1.0             1.0             1.0             1.0             1.0             1.0
  exec                       1.0           466.0             1.0             1.0             7.0             1.0             2.0             3.0             1.0             1.0             1.0             1.0             1.0             1.0             1.0             1.0             1.0             1.0             1.0             1.0             1.0             1.0             1.0
  ntp_u                    169.0             1.0             1.0             1.0             1.0             1.0             1.0             1.0             1.0             1.0             1.0             1.0             1.0             1.0             1.0             1.0             1.0             1.0             1.0             1.0             1.0             1.0             1.0
  discard                    1.0           521.0             1.0             1.0            16.0             1.0             2.0             3.0             1.0             1.0             1.0             1.0             1.0             1.0             1.0             1.0             1.0             1.0             1.0             1.0             1.0             1.0             1.0
  nntp                       1.0           282.0             1.0             1.0            10.0             1.0             1.0             7.0             1.0             1.0             1.0             1.0             1.0             1.0             1.0             1.0             1.0             1.0             1.0             1.0             1.0             1.0             1.0
  courier                    1.0           727.0             1.0             1.0             6.0             1.0             2.0             3.0             1.0             1.0             1.0             1.0             1.0             1.0             1.0             1.0             1.0             1.0             1.0             1.0             1.0             1.0             1.0
  ctf                        1.0           539.0             1.0             8.0            15.0             1.0             2.0             4.0             1.0             1.0             1.0             1.0             1.0             1.0             1.0             1.0             1.0             1.0             1.0             1.0             1.0             1.0             1.0
  ssh                        6.0           282.0             1.0            11.0            12.0             1.0             2.0             4.0             1.0             1.0             1.0             1.0             1.0             1.0             1.0             1.0             1.0             1.0             1.0             1.0             1.0             1.0             1.0
  daytime                    1.0           504.0             1.0             1.0            15.0             1.0             2.0             4.0             1.0             1.0             1.0             1.0             1.0             1.0             1.0             1.0             1.0             1.0             1.0             1.0             1.0             1.0             1.0
  shell                      5.0            54.0             1.0             1.0             5.0             1.0             1.0             5.0             1.0             1.0             1.0             1.0             1.0             1.0             1.0             1.0             1.0             1.0             1.0             1.0             1.0             1.0             1.0
  netstat                    1.0           345.0             1.0             1.0            13.0             1.0             2.0             4.0             1.0             1.0             1.0             1.0             1.0             1.0             1.0             1.0             1.0             1.0             1.0             1.0             1.0             1.0             1.0
  pop_3                    187.0            68.0             1.0             1.0             9.0             1.0             1.0             4.0             1.0             1.0             1.0             1.0             1.0             1.0             1.0             1.0             1.0             1.0             1.0             1.0             1.0             1.0             1.0
  nnsp                       1.0           623.0             1.0             1.0             7.0             1.0             2.0             2.0             1.0             1.0             1.0             1.0             1.0             1.0             1.0             1.0             1.0             1.0             1.0             1.0             1.0             1.0             1.0
  IRC                      187.0             1.0             1.0             1.0             1.0             1.0             1.0             2.0             1.0             1.0             1.0             1.0             1.0             1.0             1.0             1.0             1.0             1.0             1.0             1.0             1.0             1.0             1.0
  pop_2                      1.0            71.0             1.0             1.0             6.0             1.0             1.0             4.0             1.0             1.0             1.0             1.0             1.0             1.0             1.0             1.0             1.0             1.0             1.0             1.0             1.0             1.0             1.0
  printer                    1.0            63.0             1.0             1.0             5.0             1.0             1.0             4.0             1.0             1.0             1.0             1.0             1.0             1.0             1.0             1.0             1.0             1.0             1.0             1.0             1.0             1.0             1.0
  tim_i                      6.0             1.0             1.0             1.0             1.0             1.0             1.0             1.0             1.0             4.0             1.0             1.0             1.0             1.0             1.0             1.0             1.0             1.0             1.0             1.0             1.0             1.0             1.0
  pm_dump                    1.0             1.0             1.0             1.0             1.0             1.0             1.0             6.0             1.0             1.0             1.0             1.0             1.0             1.0             1.0             1.0             1.0             1.0             1.0             1.0             1.0             1.0             1.0
  red_i                      9.0             1.0             1.0             1.0             1.0             1.0             1.0             1.0             1.0             1.0             1.0             1.0             1.0             1.0             1.0             1.0             1.0             1.0             1.0             1.0             1.0             1.0             1.0
  netbios_ssn                1.0           350.0             1.0             1.0             9.0             1.0             2.0             5.0             1.0             1.0             1.0             1.0             1.0             1.0             1.0             1.0             1.0             1.0             1.0             1.0             1.0             1.0             1.0
  rje                        1.0            69.0             1.0             7.0            10.0             1.0             1.0             4.0             1.0             1.0             1.0             1.0             1.0             1.0             1.0             1.0             1.0             1.0             1.0             1.0             1.0             1.0             1.0
  X11                       68.0             1.0             1.0             1.0             1.0             1.0             1.0             7.0             1.0             1.0             1.0             1.0             1.0             1.0             1.0             1.0             1.0             1.0             1.0             1.0             1.0             1.0             1.0
  urh_i                     11.0             1.0             1.0             1.0             1.0             1.0             1.0             1.0             1.0             1.0             1.0             1.0             1.0             1.0             1.0             1.0             1.0             1.0             1.0             1.0             1.0             1.0             1.0
  http_8001                  1.0             1.0             1.0             1.0             1.0             1.0             1.0             3.0             1.0             1.0             1.0             1.0             1.0             1.0             1.0             1.0             1.0             1.0             1.0             1.0             1.0             1.0             1.0
  aol                        1.0             1.0             1.0             1.0             1.0             1.0             1.0             3.0             1.0             1.0             1.0             1.0             1.0             1.0             1.0             1.0             1.0             1.0             1.0             1.0             1.0             1.0             1.0
  http_2784                  1.0             1.0             1.0             1.0             1.0             1.0             1.0             2.0             1.0             1.0             1.0             1.0             1.0             1.0             1.0             1.0             1.0             1.0             1.0             1.0             1.0             1.0             1.0
  tftp_u                     4.0             1.0             1.0             1.0             1.0             1.0             1.0             1.0             1.0             1.0             1.0             1.0             1.0             1.0             1.0             1.0             1.0             1.0             1.0             1.0             1.0             1.0             1.0
  harvest                    1.0             1.0             1.0             1.0             1.0             1.0             1.0             3.0             1.0             1.0             1.0             1.0             1.0             1.0             1.0             1.0             1.0             1.0             1.0             1.0             1.0             1.0             1.0
  [total]                67413.0         41284.0           960.0          3669.0          3001.0           962.0          1563.0          3703.0          2716.0           271.0          1026.0           123.0            78.0            77.0            80.0           100.0            81.0            90.0            74.0            88.0            79.0            72.0            73.0

att4
  SF                     63394.0             2.0           887.0          3174.0             8.0           893.0          1229.0          1560.0          2647.0           202.0           860.0             3.0             9.0             8.0            11.0            30.0             7.0            21.0             5.0             1.0            10.0             3.0             4.0
  S0                       355.0         34327.0             1.0             1.0            55.0             1.0             1.0           100.0             1.0             1.0             1.0             1.0             1.0             1.0             1.0             1.0             1.0             1.0             1.0            19.0             1.0             1.0             1.0
  REJ                     2694.0          5672.0             1.0           397.0           510.0             1.0             1.0          1965.0             1.0             1.0             1.0             1.0             1.0             1.0             1.0             1.0             1.0             1.0             1.0             1.0             1.0             1.0             1.0
  RSTR                     147.0             1.0             2.0             1.0          2180.0             1.0             1.0             2.0             1.0             1.0            91.0             5.0             1.0             1.0             1.0             1.0             1.0             1.0             1.0             1.0             1.0             1.0             1.0
  SH                         3.0             1.0             1.0             1.0             1.0             1.0           266.0             1.0             1.0             1.0             1.0             1.0             1.0             1.0             1.0             1.0             5.0             1.0             1.0             1.0             1.0             1.0             1.0
  RSTO                     220.0          1217.0             2.0            31.0            45.0             1.0             1.0             7.0             1.0             1.0             1.0            46.0             1.0             1.0             1.0             2.0             1.0             1.0             1.0             1.0             1.0             1.0             1.0
  S1                       362.0             1.0             1.0             1.0             1.0             1.0             1.0             2.0             1.0             1.0             3.0             1.0             1.0             1.0             1.0             1.0             2.0             1.0             1.0             1.0             1.0             1.0             1.0
  RSTOS0                     1.0             1.0             1.0             1.0           104.0             1.0             1.0             1.0             1.0             1.0             1.0             1.0             1.0             1.0             1.0             1.0             1.0             1.0             1.0             1.0             1.0             1.0             1.0
  S3                        46.0             1.0             2.0             1.0             1.0             1.0             1.0             2.0             1.0             1.0             1.0             3.0             1.0             1.0             1.0             1.0             1.0             1.0             1.0             1.0             1.0             1.0             1.0
  S2                       120.0             1.0             2.0             1.0             1.0             1.0             1.0             3.0             1.0             1.0             6.0             1.0             1.0             1.0             1.0             1.0             1.0             1.0             1.0             1.0             1.0             1.0             1.0
  OTH                       12.0             1.0             1.0             1.0            36.0             1.0             1.0             1.0             1.0             1.0             1.0             1.0             1.0             1.0             1.0             1.0             1.0             1.0             1.0             1.0             1.0             1.0             1.0
  [total]                67354.0         41225.0           901.0          3610.0          2942.0           903.0          1504.0          3644.0          2657.0           212.0           967.0            64.0            19.0            18.0            21.0            41.0            22.0            31.0            15.0            29.0            20.0            13.0            14.0

att5
  mean                11755.0451               0     331458.7284               0     1533678.508               0               0               0               0               0               0               0               0               0               0               0               0               0               0               0               0               0               0
  std. dev.          416573.6983      68860.4735    1235551.4587      68860.4735   38395929.0554      68860.4735      68860.4735      68860.4735      68860.4735      68860.4735      68860.4735      68860.4735      68860.4735      68860.4735      68860.4735      68860.4735      68860.4735      68860.4735      68860.4735      68860.4735      68860.4735      68860.4735      68860.4735
  weight sum               67343           41214             890            3599            2931             892            1493            3633            2646             201             956              53               8               7              10              30              11              20               4              18               9               2               3
  precision          413162.8407     413162.8407     413162.8407     413162.8407     413162.8407     413162.8407     413162.8407     413162.8407     413162.8407     413162.8407     413162.8407     413162.8407     413162.8407     413162.8407     413162.8407     413162.8407     413162.8407     413162.8407     413162.8407     413162.8407     413162.8407     413162.8407     413162.8407

att6
  mean                 1962.9031               0               0               0     720112.5237               0               0               0               0               0               0               0               0      200679.801               0       4682.5287       63852.664    3954395.4786               0               0               0               0               0
  std. dev.           65742.9657      23412.6434      23412.6434      23412.6434   26349527.5237      23412.6434      23412.6434      23412.6434      23412.6434      23412.6434      23412.6434      23412.6434      23412.6434     351046.2798      23412.6434      25216.1887     201919.8528    2165003.7383      23412.6434      23412.6434      23412.6434      23412.6434      23412.6434
  weight sum               67343           41214             890            3599            2931             892            1493            3633            2646             201             956              53               8               7              10              30              11              20               4              18               9               2               3
  precision          140475.8607     140475.8607     140475.8607     140475.8607     140475.8607     140475.8607     140475.8607     140475.8607     140475.8607     140475.8607     140475.8607     140475.8607     140475.8607     140475.8607     140475.8607     140475.8607     140475.8607     140475.8607     140475.8607     140475.8607     140475.8607     140475.8607     140475.8607

att7
  mean                    0.0001               0               0               0               0               0               0               0               0               0               0               0               0               0               0               0               0               0               0               1               0               0               0
  std. dev.               0.1667          0.1667          0.1667          0.1667          0.1667          0.1667          0.1667          0.1667          0.1667          0.1667          0.1667          0.1667          0.1667          0.1667          0.1667          0.1667          0.1667          0.1667          0.1667          0.1667          0.1667          0.1667          0.1667
  weight sum               67343           41214             890            3599            2931             892            1493            3633            2646             201             956              53               8               7              10              30              11              20               4              18               9               2               3
  precision                    1               1               1               1               1               1               1               1               1               1               1               1               1               1               1               1               1               1               1               1               1               1               1

att8
  mean                         0               0               0               0               0          2.9865               0               0               0          1.4776               0               0               0               0               0               0               0               0               0               0               0               0               0
  std. dev.                 0.25            0.25            0.25            0.25            0.25            0.25            0.25            0.25            0.25            0.25            0.25            0.25            0.25            0.25            0.25            0.25            0.25            0.25            0.25            0.25            0.25            0.25            0.25
  weight sum               67343           41214             890            3599            2931             892            1493            3633            2646             201             956              53               8               7              10              30              11              20               4              18               9               2               3
  precision                  1.5             1.5             1.5             1.5             1.5             1.5             1.5             1.5             1.5             1.5             1.5             1.5             1.5             1.5             1.5             1.5             1.5             1.5             1.5             1.5             1.5             1.5             1.5

att9
  mean                    0.0001               0               0               0               0               0               0               0               0               0               0               0           0.375               0             0.1               0               0               0               0               0               0               0               0
  std. dev.               0.1667          0.1667          0.1667          0.1667          0.1667          0.1667          0.1667          0.1667          0.1667          0.1667          0.1667          0.1667           0.696          0.1667             0.3          0.1667          0.1667          0.1667          0.1667          0.1667          0.1667          0.1667          0.1667
  weight sum               67343           41214             890            3599            2931             892            1493            3633            2646             201             956              53               8               7              10              30              11              20               4              18               9               2               3
  precision                    1               1               1               1               1               1               1               1               1               1               1               1               1               1               1               1               1               1               1               1               1               1               1

att10
  mean                    0.2312               0           9.347               0               0               0               0          0.0008               0               0          2.6341          0.2152           0.713          2.8519               0          1.8062          0.5185          0.8556          2.8519               0          0.9506               0               0
  std. dev.               2.3702          0.4753         13.0284          0.4753          0.4753          0.4753          0.4753          0.4753          0.4753          0.4753          0.7574          0.7533          1.2349          4.8205          0.4753          1.5591          1.0999          3.7293          0.4753          0.4753          1.3444          0.4753          0.4753
  weight sum               67343           41214             890            3599            2931             892            1493            3633            2646             201             956              53               8               7              10              30              11              20               4              18               9               2               3
  precision               2.8519          2.8519          2.8519          2.8519          2.8519          2.8519          2.8519          2.8519          2.8519          2.8519          2.8519          2.8519          2.8519          2.8519          2.8519          2.8519          2.8519          2.8519          2.8519          2.8519          2.8519          2.8519          2.8519

att11
  mean                    0.0014               0               0               0               0               0               0          0.0011               0               0               0          1.0566               0               0             0.1               0               0               0               0               0               0               0               0
  std. dev.               0.1667          0.1667          0.1667          0.1667          0.1667          0.1667          0.1667          0.1667          0.1667          0.1667          0.1667          0.5635          0.1667          0.1667             0.3          0.1667          0.1667          0.1667          0.1667          0.1667          0.1667          0.1667          0.1667
  weight sum               67343           41214             890            3599            2931             892            1493            3633            2646             201             956              53               8               7              10              30              11              20               4              18               9               2               3
  precision                    1               1               1               1               1               1               1               1               1               1               1               1               1               1               1               1               1               1               1               1               1               1               1

att12
  mean                    0.7106               0               1          0.0069           0.001               0               0          0.0151               0               0               1          0.0189            0.75          0.5714             0.5               1          0.0909             0.1               1               0          0.8889             0.5               1
  std. dev.               0.4535          0.1667          0.1667          0.1667          0.1667          0.1667          0.1667          0.1667          0.1667          0.1667          0.1667          0.1667           0.433          0.4949             0.5          0.1667          0.2875             0.3          0.1667          0.1667          0.3143             0.5          0.1667
  weight sum               67343           41214             890            3599            2931             892            1493            3633            2646             201             956              53               8               7              10              30              11              20               4              18               9               2               3
  precision                    1               1               1               1               1               1               1               1               1               1               1               1               1               1               1               1               1               1               1               1               1               1               1

att13
  mean                    0.4851               0               0               0               0               0               0               0               0               0               0               0               0               0               0               0               0               0               0               0               0               0               0
  std. dev.              32.6426         14.3276         14.3276         14.3276         14.3276         14.3276         14.3276         14.3276         14.3276         14.3276         14.3276         14.3276         14.3276         14.3276         14.3276         14.3276         14.3276         14.3276         14.3276         14.3276         14.3276         14.3276         14.3276
  weight sum               67343           41214             890            3599            2931             892            1493            3633            2646             201             956              53               8               7              10              30              11              20               4              18               9               2               3
  precision              85.9655         85.9655         85.9655         85.9655         85.9655         85.9655         85.9655         85.9655         85.9655         85.9655         85.9655         85.9655         85.9655         85.9655         85.9655         85.9655         85.9655         85.9655         85.9655         85.9655         85.9655         85.9655         85.9655

att14
  mean                     0.002               0               0               0               0               0               0               0               0               0               0               0               0          0.2857             0.2             0.6               0               0               1               0          0.3333               0               1
  std. dev.               0.1667          0.1667          0.1667          0.1667          0.1667          0.1667          0.1667          0.1667          0.1667          0.1667          0.1667          0.1667          0.1667          0.4518             0.4          0.4899          0.1667          0.1667          0.1667          0.1667          0.4714          0.1667          0.1667
  weight sum               67343           41214             890            3599            2931             892            1493            3633            2646             201             956              53               8               7              10              30              11              20               4              18               9               2               3
  precision                    1               1               1               1               1               1               1               1               1               1               1               1               1               1               1               1               1               1               1               1               1               1               1

att15
  mean                     0.002               0               0               0               0               0               0               0               0               0               0               0               0               0               0               0               0               0               0               0               0             0.5               0
  std. dev.               0.1667          0.1667          0.1667          0.1667          0.1667          0.1667          0.1667          0.1667          0.1667          0.1667          0.1667          0.1667          0.1667          0.1667          0.1667          0.1667          0.1667          0.1667          0.1667          0.1667          0.1667             0.5          0.1667
  weight sum               67343           41214             890            3599            2931             892            1493            3633            2646             201             956              53               8               7              10              30              11              20               4              18               9               2               3
  precision                    1               1               1               1               1               1               1               1               1               1               1               1               1               1               1               1               1               1               1               1               1               1               1

att16
  mean                    0.5298               0               0               0               0               0               0               0               0               0               0               0               0         13.1711               0               0               0               0               0               0               0               0               0
  std. dev.              33.4093         15.3663         15.3663         15.3663         15.3663         15.3663         15.3663         15.3663         15.3663         15.3663         15.3663         15.3663         15.3663         32.2624         15.3663         15.3663         15.3663         15.3663         15.3663         15.3663         15.3663         15.3663         15.3663
  weight sum               67343           41214             890            3599            2931             892            1493            3633            2646             201             956              53               8               7              10              30              11              20               4              18               9               2               3
  precision              92.1975         92.1975         92.1975         92.1975         92.1975         92.1975         92.1975         92.1975         92.1975         92.1975         92.1975         92.1975         92.1975         92.1975         92.1975         92.1975         92.1975         92.1975         92.1975         92.1975         92.1975         92.1975         92.1975

att17
  mean                     0.023               0               0          0.0049               0               0               0          0.0007               0               0               0               0          0.3162          1.4454          0.3794          0.7167               0          1.1382               0               0          1.4052          0.6324          2.5294
  std. dev.               0.6536          0.2108          0.2108          0.2951          0.2108          0.2108          0.2108          0.2108          0.2108          0.2108          0.2108          0.2108          0.5476          1.5751          0.5796          1.0161          0.2108          4.6794          0.2108          0.2108          1.7325          0.6324          0.2108
  weight sum               67343           41214             890            3599            2931             892            1493            3633            2646             201             956              53               8               7              10              30              11              20               4              18               9               2               3
  precision               1.2647          1.2647          1.2647          1.2647          1.2647          1.2647          1.2647          1.2647          1.2647          1.2647          1.2647          1.2647          1.2647          1.2647          1.2647          1.2647          1.2647          1.2647          1.2647          1.2647          1.2647          1.2647          1.2647

att18
  mean                    0.0006               0               0               0               0               0               0               0               0               0               0               0               0          0.4286               0               0               0               0               0               0          0.4444             0.5               1
  std. dev.               0.1667          0.1667          0.1667          0.1667          0.1667          0.1667          0.1667          0.1667          0.1667          0.1667          0.1667          0.1667          0.1667          0.7284          0.1667          0.1667          0.1667          0.1667          0.1667          0.1667          0.8315             0.5          0.1667
  weight sum               67343           41214             890            3599            2931             892            1493            3633            2646             201             956              53               8               7              10              30              11              20               4              18               9               2               3
  precision                    1               1               1               1               1               1               1               1               1               1               1               1               1               1               1               1               1               1               1               1               1               1               1

att19
  mean                    0.0075               0               0               0               0               0               0               0               0               0               0               0           0.375          0.2857               0               0               0               0               1               0          0.1111             0.5               0
  std. dev.               0.1667          0.1667          0.1667          0.1667          0.1667          0.1667          0.1667          0.1667          0.1667          0.1667          0.1667          0.1667          0.4841          0.6999          0.1667          0.1667          0.1667          0.1667          0.1667          0.1667          0.3143             0.5          0.1667
  weight sum               67343           41214             890            3599            2931             892            1493            3633            2646             201             956              53               8               7              10              30              11              20               4              18               9               2               3
  precision                    1               1               1               1               1               1               1               1               1               1               1               1               1               1               1               1               1               1               1               1               1               1               1

att20
  mean                         0               0               0               0               0               0               0               0               0               0               0               0               0               0               0               0               0               0               0               0               0               0               0
  std. dev.               0.0017          0.0017          0.0017          0.0017          0.0017          0.0017          0.0017          0.0017          0.0017          0.0017          0.0017          0.0017          0.0017          0.0017          0.0017          0.0017          0.0017          0.0017          0.0017          0.0017          0.0017          0.0017          0.0017
  weight sum               67343           41214             890            3599            2931             892            1493            3633            2646             201             956              53               8               7              10              30              11              20               4              18               9               2               3
  precision                 0.01            0.01            0.01            0.01            0.01            0.01            0.01            0.01            0.01            0.01            0.01            0.01            0.01            0.01            0.01            0.01            0.01            0.01            0.01            0.01            0.01            0.01            0.01

att21
  mean                         0               0               0               0               0               0               0               0               0               0               0               0               0               0               0               0               0               0               0               0               0               0               0
  std. dev.               0.1667          0.1667          0.1667          0.1667          0.1667          0.1667          0.1667          0.1667          0.1667          0.1667          0.1667          0.1667          0.1667          0.1667          0.1667          0.1667          0.1667          0.1667          0.1667          0.1667          0.1667          0.1667          0.1667
  weight sum               67343           41214             890            3599            2931             892            1493            3633            2646             201             956              53               8               7              10              30              11              20               4              18               9               2               3
  precision                    1               1               1               1               1               1               1               1               1               1               1               1               1               1               1               1               1               1               1               1               1               1               1

att22
  mean                     0.013               0          0.3438               0               0               0               0          0.0003               0               0               0          0.0189            0.25          0.2857               0               0               0             0.1               0               0               0               0               0
  std. dev.               0.1667          0.1667           0.475          0.1667          0.1667          0.1667          0.1667          0.1667          0.1667          0.1667          0.1667          0.1667           0.433          0.4518          0.1667          0.1667          0.1667             0.3          0.1667          0.1667          0.1667          0.1667          0.1667
  weight sum               67343           41214             890            3599            2931             892            1493            3633            2646             201             956              53               8               7              10              30              11              20               4              18               9               2               3
  precision                    1               1               1               1               1               1               1               1               1               1               1               1               1               1               1               1               1               1               1               1               1               1               1

att23
  mean                   22.5179        172.8415          1.2843          1.0325         33.2344         61.0852          1.4836        218.7669        376.6856          4.9701          3.5115          1.5283               1               1             1.1             9.1          2.0909            1.15               1          5.3889          1.6667               1               1
  std. dev.              54.0257         81.0418          0.4536          1.6526          92.081         41.7618         13.2466        204.7553        168.7448          5.6918          1.7473          0.5357          0.1667          0.1667             0.3         30.1522          1.1642           0.477          0.1667         17.6167          1.0541          0.1667          0.1667
  weight sum               67343           41214             890            3599            2931             892            1493            3633            2646             201             956              53               8               7              10              30              11              20               4              18               9               2               3
  precision                    1               1               1               1               1               1               1               1               1               1               1               1               1               1               1               1               1               1               1               1               1               1               1

att24
  mean                   27.7278         11.0632          1.3269          19.271          1.4586         50.5456         17.4716          7.8136        376.6744          6.0104          3.8384          1.5373          1.1316          1.1496          1.1065          1.3412        103.7912          1.1568          1.2574          1.7883          1.3412          1.0059          1.0059
  std. dev.              60.1699          6.6191          0.7845         17.2714          0.5325         28.3401         16.8605          22.284        168.6979          5.1677           2.042          0.5388          0.3327           0.352          0.3018          0.7033          65.026          0.4798          0.4356          0.4182          0.6706          0.1677          0.1677
  weight sum               67343           41214             890            3599            2931             892            1493            3633            2646             201             956              53               8               7              10              30              11              20               4              18               9               2               3
  precision               1.0059          1.0059          1.0059          1.0059          1.0059          1.0059          1.0059          1.0059          1.0059          1.0059          1.0059          1.0059          1.0059          1.0059          1.0059          1.0059          1.0059          1.0059          1.0059          1.0059          1.0059          1.0059          1.0059

att25
  mean                    0.0134          0.8319          0.0028          0.0003          0.0344          0.0739          0.1757          0.0491               0               0          0.0061          0.0377               0               0               0          0.0659          0.6674               0               0          0.9628               0               0               0
  std. dev.               0.0942          0.3729          0.0502          0.0165          0.1544          0.2172          0.3793          0.0638          0.0019          0.0019          0.0478          0.1639          0.0019          0.0019          0.0019          0.2466          0.3693          0.0019          0.0019          0.1536          0.0019          0.0019          0.0019
  weight sum               67343           41214             890            3599            2931             892            1493            3633            2646             201             956              53               8               7              10              30              11              20               4              18               9               2               3
  precision               0.0114          0.0114          0.0114          0.0114          0.0114          0.0114          0.0114          0.0114          0.0114          0.0114          0.0114          0.0114          0.0114          0.0114          0.0114          0.0114          0.0114          0.0114          0.0114          0.0114          0.0114          0.0114          0.0114

att26
  mean                     0.012          0.8315           0.003               0          0.0355               0          0.1775          0.0272               0               0          0.0065          0.0375               0               0               0               0          0.5775               0               0               1               0               0               0
  std. dev.               0.0862          0.3733          0.0504           0.002           0.164           0.002          0.3821          0.1621           0.002           0.002          0.0484          0.1633           0.002           0.002           0.002           0.002          0.2987           0.002           0.002           0.002           0.002           0.002           0.002
  weight sum               67343           41214             890            3599            2931             892            1493            3633            2646             201             956              53               8               7              10              30              11              20               4              18               9               2               3
  precision               0.0118          0.0118          0.0118          0.0118          0.0118          0.0118          0.0118          0.0118          0.0118          0.0118          0.0118          0.0118          0.0118          0.0118          0.0118          0.0118          0.0118          0.0118          0.0118          0.0118          0.0118          0.0118          0.0118

att27
  mean                    0.0442          0.1676          0.0028          0.1185          0.9457          0.0018               0          0.5228               0               0          0.0781          0.9243               0               0               0          0.0169               0               0               0           0.037               0               0               0
  std. dev.                0.203           0.373          0.0501          0.3231          0.1991          0.0065          0.0021          0.4412          0.0021          0.0021          0.1747          0.2461          0.0021          0.0021          0.0021          0.0886          0.0021          0.0021          0.0021          0.1527          0.0021          0.0021          0.0021
  weight sum               67343           41214             890            3599            2931             892            1493            3633            2646             201             956              53               8               7              10              30              11              20               4              18               9               2               3
  precision               0.0123          0.0123          0.0123          0.0123          0.0123          0.0123          0.0123          0.0123          0.0123          0.0123          0.0123          0.0123          0.0123          0.0123          0.0123          0.0123          0.0123          0.0123          0.0123          0.0123          0.0123          0.0123          0.0123

att28
  mean                    0.0446          0.1674          0.0022          0.1181          0.9485               0               0          0.5436               0               0          0.1333          0.9242               0               0               0          0.0333          0.0238               0           0.123               0               0               0               0
  std. dev.               0.2022           0.373          0.0474          0.3227          0.2031          0.0027          0.0027          0.4979          0.0027          0.0027          0.2055          0.2462          0.0027          0.0027          0.0027          0.1795          0.0146          0.0027           0.213          0.0027          0.0027          0.0027          0.0027
  weight sum               67343           41214             890            3599            2931             892            1493            3633            2646             201             956              53               8               7              10              30              11              20               4              18               9               2               3
  precision               0.0164          0.0164          0.0164          0.0164          0.0164          0.0164          0.0164          0.0164          0.0164          0.0164          0.0164          0.0164          0.0164          0.0164          0.0164          0.0164          0.0164          0.0164          0.0164          0.0164          0.0164          0.0164          0.0164

att29
  mean                    0.9694          0.1012          0.9963          0.9985          0.7879          0.9244          0.9929           0.204               1               1          0.9977               1               1               1               1          0.9173               1               1               1          0.9078            0.88               1               1
  std. dev.               0.1444          0.1377          0.0424          0.0322          0.3664          0.2166          0.0682          0.3303          0.0017          0.0017          0.0242          0.0017          0.0017          0.0017          0.0017          0.2585          0.0017          0.0017          0.0017          0.2662          0.1801          0.0017          0.0017
  weight sum               67343           41214             890            3599            2931             892            1493            3633            2646             201             956              53               8               7              10              30              11              20               4              18               9               2               3
  precision                 0.01            0.01            0.01            0.01            0.01            0.01            0.01            0.01            0.01            0.01            0.01            0.01            0.01            0.01            0.01            0.01            0.01            0.01            0.01            0.01            0.01            0.01            0.01

att30
  mean                    0.0288          0.0759          0.0075           0.002          0.1946          0.0107          0.0099          0.6602               0               0          0.0047               0               0               0               0          0.0383               0               0               0          0.0603          0.2411               0               0
  std. dev.               0.1456          0.0625          0.0848          0.0441          0.3434          0.0207          0.0979          0.4253          0.0018          0.0018          0.0488          0.0018          0.0018          0.0018          0.0018          0.1796          0.0018          0.0018          0.0018          0.2287          0.3615          0.0018          0.0018
  weight sum               67343           41214             890            3599            2931             892            1493            3633            2646             201             956              53               8               7              10              30              11              20               4              18               9               2               3
  precision               0.0106          0.0106          0.0106          0.0106          0.0106          0.0106          0.0106          0.0106          0.0106          0.0106          0.0106          0.0106          0.0106          0.0106          0.0106          0.0106          0.0106          0.0106          0.0106          0.0106          0.0106          0.0106          0.0106

att31
  mean                    0.1267          0.0014          0.0129          0.7036          0.0017               0           0.637           0.002               0          0.3043           0.119               0           0.125          0.1429               0               0          0.2373               0            0.25          0.7778               0               0               0
  std. dev.               0.2718          0.0254          0.1082          0.4566          0.0394          0.0028          0.4809           0.042          0.0028          0.3071          0.2449          0.0028          0.3307          0.3499          0.0028          0.0028           0.149          0.0028           0.433          0.4157          0.0028          0.0028          0.0028
  weight sum               67343           41214             890            3599            2931             892            1493            3633            2646             201             956              53               8               7              10              30              11              20               4              18               9               2               3
  precision               0.0169          0.0169          0.0169          0.0169          0.0169          0.0169          0.0169          0.0169          0.0169          0.0169          0.0169          0.0169          0.0169          0.0169          0.0169          0.0169          0.0169          0.0169          0.0169          0.0169          0.0169          0.0169          0.0169

att32
  mean                  147.4319        248.4161            94.6          6.2014        237.5049        238.1312         48.1159        248.3391        236.8685          84.393        145.7709         26.0189             1.5              74           178.9          3.0667         28.6364            32.2             255          3.2222          2.6667             255             193
  std. dev.             101.7846         32.7565        114.2402         14.1606         41.0031          42.345         77.0974         29.9668         47.1479        111.9694         90.6962         15.2656             0.5        114.4764         116.245          2.5157         71.6523         68.5278          0.1667          5.0173          1.8257          0.1667         87.6812
  weight sum               67343           41214             890            3599            2931             892            1493            3633            2646             201             956              53               8               7              10              30              11              20               4              18               9               2               3
  precision                    1               1               1               1               1               1               1               1               1               1               1               1               1               1               1               1               1               1               1               1               1               1               1

att33
  mean                  190.2858         14.1873         44.1966         81.2676          2.3064         59.7635         94.8647         14.5767        162.4694          53.801        145.7709         26.0377           22.75          1.5714               6            13.9          5.5455            8.65          247.75          4.3333          3.5556            47.5          1.6667
  std. dev.              92.6077         14.1481          33.224         69.9343         10.1694         38.9147         77.8797         38.3218         84.7034         62.8414         90.6962         15.2352         35.6818          0.7284         11.7218         27.0177          3.4736          5.5432          5.0683          2.5166          2.6713             0.5          0.4714
  weight sum               67343           41214             890            3599            2931             892            1493            3633            2646             201             956              53               8               7              10              30              11              20               4              18               9               2               3
  precision                    1               1               1               1               1               1               1               1               1               1               1               1               1               1               1               1               1               1               1               1               1               1               1

att34
  mean                    0.8119          0.0614          0.7039          0.8758          0.0092          0.2543          0.7811          0.0579          0.6893          0.5667               1               1           0.875          0.7157           0.306               1          0.9091             0.9          0.9725          0.8483          0.8356           0.185          0.0133
  std. dev.               0.3241          0.0773          0.3666           0.319          0.0443          0.1615          0.3852          0.1552          0.3254           0.431          0.0017          0.0017          0.2165          0.4495          0.4544          0.0017          0.2875             0.3          0.0192          0.3393          0.2556           0.005          0.0125
  weight sum               67343           41214             890            3599            2931             892            1493            3633            2646             201             956              53               8               7              10              30              11              20               4              18               9               2               3
  precision                 0.01            0.01            0.01            0.01            0.01            0.01            0.01            0.01            0.01            0.01            0.01            0.01            0.01            0.01            0.01            0.01            0.01            0.01            0.01            0.01            0.01            0.01            0.01

att35
  mean                    0.0401          0.0664          0.0214          0.1314          0.5424          0.2146          0.1668          0.6511          0.0343          0.1369               0               0            0.25          0.0029           0.014               0          0.0009           0.004          0.0075          0.0311          0.2056            0.02            0.03
  std. dev.               0.1285          0.0229          0.0546          0.3374          0.2557          0.3032          0.3468          0.3679          0.0578          0.2722          0.0017          0.0017           0.433          0.0045          0.0092          0.0017          0.0029          0.0124          0.0043          0.0698          0.2967          0.0017          0.0216
  weight sum               67343           41214             890            3599            2931             892            1493            3633            2646             201             956              53               8               7              10              30              11              20               4              18               9               2               3
  precision                 0.01            0.01            0.01            0.01            0.01            0.01            0.01            0.01            0.01            0.01            0.01            0.01            0.01            0.01            0.01            0.01            0.01            0.01            0.01            0.01            0.01            0.01            0.01

att36
  mean                    0.1217          0.0017          0.6191          0.8758          0.7177          0.2543          0.9387           0.259          0.6893          0.5667          0.0234          0.1053           0.875          0.7143            0.25          0.6807          0.6664             0.9               0          0.8483          0.7356               0          0.0033
  std. dev.               0.2544          0.0156          0.4716           0.319          0.3254          0.1615          0.1561          0.3882          0.3254           0.431          0.0793          0.1962          0.2165          0.4518          0.4031          0.3604          0.3666             0.3          0.0017          0.3393          0.3745          0.0017          0.0047
  weight sum               67343           41214             890            3599            2931             892            1493            3633            2646             201             956              53               8               7              10              30              11              20               4              18               9               2               3
  precision                 0.01            0.01            0.01            0.01            0.01            0.01            0.01            0.01            0.01            0.01            0.01            0.01            0.01            0.01            0.01            0.01            0.01            0.01            0.01            0.01            0.01            0.01            0.01

att37
  mean                    0.0255          0.0007          0.0937          0.5364          0.0014               0          0.1606          0.0008               0          0.1714               0          0.0189          0.1166               0          0.0095          0.0743               0               0               0          0.5608          0.2087               0               0
  std. dev.               0.0689          0.0131          0.1029          0.2409          0.0314          0.0023          0.1207          0.0168          0.0023          0.2273          0.0023          0.1361          0.1956          0.0023          0.0284          0.2267          0.0023          0.0023          0.0023          0.4154          0.2511          0.0023          0.0023
  weight sum               67343           41214             890            3599            2931             892            1493            3633            2646             201             956              53               8               7              10              30              11              20               4              18               9               2               3
  precision               0.0135          0.0135          0.0135          0.0135          0.0135          0.0135          0.0135          0.0135          0.0135          0.0135          0.0135          0.0135          0.0135          0.0135          0.0135          0.0135          0.0135          0.0135          0.0135          0.0135          0.0135          0.0135          0.0135

att38
  mean                    0.0139          0.8314          0.0125               0          0.0224          0.0217          0.1612          0.0592          0.0116          0.0876           0.002          0.1015               0               0               0               0          0.5791            0.02               0          0.8761               0            0.22               0
  std. dev.                0.092          0.3729          0.0537          0.0017          0.0833          0.0349          0.3488          0.0679          0.0487          0.1898          0.0055          0.1475          0.0017          0.0017          0.0017          0.0017          0.2603          0.0849          0.0017          0.2924          0.0017          0.0017          0.0017
  weight sum               67343           41214             890            3599            2931             892            1493            3633            2646             201             956              53               8               7              10              30              11              20               4              18               9               2               3
  precision                 0.01            0.01            0.01            0.01            0.01            0.01            0.01            0.01            0.01            0.01            0.01            0.01            0.01            0.01            0.01            0.01            0.01            0.01            0.01            0.01            0.01            0.01            0.01

att39
  mean                    0.0061          0.8292           0.004               0          0.0351               0          0.1765          0.0267               0               0           0.002          0.1022               0               0          0.0253               0          0.5767               0               0          0.6336               0          0.3182               0
  std. dev.               0.0567          0.3743          0.0345          0.0017          0.1625          0.0017           0.381          0.1605          0.0017          0.0017          0.0056          0.1473          0.0017          0.0017          0.0758          0.0017          0.2603          0.0017          0.0017          0.3709          0.0017          0.0051          0.0017
  weight sum               67343           41214             890            3599            2931             892            1493            3633            2646             201             956              53               8               7              10              30              11              20               4              18               9               2               3
  precision               0.0101          0.0101          0.0101          0.0101          0.0101          0.0101          0.0101          0.0101          0.0101          0.0101          0.0101          0.0101          0.0101          0.0101          0.0101          0.0101          0.0101          0.0101          0.0101          0.0101          0.0101          0.0101          0.0101

att40
  mean                    0.0466          0.1672          0.0045          0.1223           0.717          0.2343               0          0.5507          0.0286           0.001          0.0639          0.8792               0          0.0114           0.073          0.0213          0.0027           0.006               0          0.0072               0               0            0.23
  std. dev.               0.1953          0.3731          0.0204          0.3119          0.3245          0.2948          0.0017          0.3633          0.0968           0.003          0.1106          0.1907          0.0017          0.0181           0.219          0.0488          0.0086          0.0183          0.0017          0.0205          0.0017          0.0017          0.3253
  weight sum               67343           41214             890            3599            2931             892            1493            3633            2646             201             956              53               8               7              10              30              11              20               4              18               9               2               3
  precision                 0.01            0.01            0.01            0.01            0.01            0.01            0.01            0.01            0.01            0.01            0.01            0.01            0.01            0.01            0.01            0.01            0.01            0.01            0.01            0.01            0.01            0.01            0.01

att41
  mean                    0.0447          0.1671          0.0006          0.1138          0.9409               0               0          0.5432               0               0          0.0639          0.8792               0               0           0.025          0.0213               0               0               0               0          0.0111               0               0
  std. dev.               0.1922          0.3731          0.0072           0.315          0.2175          0.0017          0.0017          0.4979          0.0017          0.0017          0.1106          0.1907          0.0017          0.0017           0.075          0.0488          0.0017          0.0017          0.0017          0.0017          0.0314          0.0017          0.0017
  weight sum               67343           41214             890            3599            2931             892            1493            3633            2646             201             956              53               8               7              10              30              11              20               4              18               9               2               3
  precision                 0.01            0.01            0.01            0.01            0.01            0.01            0.01            0.01            0.01            0.01            0.01            0.01            0.01            0.01            0.01            0.01            0.01            0.01            0.01            0.01            0.01            0.01            0.01

att43
  mean                   20.3159         19.6437          9.8483         15.6963          16.276          15.454         15.3597         17.8205         18.3866         15.5373          11.978         10.1132           8.125          9.4286             3.4             4.6         15.4545              10            3.25         17.6667          5.5556               7          2.3333
  std. dev.                1.483           1.203          4.0575           2.372          2.3005          1.7344          2.5589          3.1793          0.9359          2.0442          2.3715          2.2542          4.1665          5.1508          2.1541          3.7736          4.0534          2.6833           1.299           2.357          5.4388               2          2.6247
  weight sum               67343           41214             890            3599            2931             892            1493            3633            2646             201             956              53               8               7              10              30              11              20               4              18               9               2               3
  precision                    1               1               1               1               1               1               1               1               1               1               1               1               1               1               1               1               1               1               1               1               1               1               1



Time taken to build model: 1.46 seconds

=== Evaluation on training set ===

Time taken to test model on training data: 22.56 seconds

=== Summary ===

Correctly Classified Instances       64715               51.3721 %
Incorrectly Classified Instances     61258               48.6279 %
Kappa statistic                          0.4145
Mean absolute error                      0.0416
Root mean squared error                  0.198 
Relative absolute error                 79.1055 %
Root relative squared error            122.1438 %
Total Number of Instances           125973     

=== Detailed Accuracy By Class ===

                 TP Rate  FP Rate  Precision  Recall   F-Measure  MCC      ROC Area  PRC Area  Class
                 0.242    0.003    0.989      0.242    0.389      0.353    0.984     0.983     normal
                 0.851    0.001    0.998      0.851    0.918      0.889    0.999     0.997     neptune
                 0.531    0.020    0.158      0.531    0.244      0.281    0.967     0.267     warezclient
                 0.685    0.023    0.464      0.685    0.553      0.549    0.977     0.394     ipsweep
                 0.714    0.004    0.804      0.714    0.756      0.752    0.994     0.749     portsweep
                 0.996    0.000    1.000      0.996    0.998      0.998    1.000     1.000     teardrop
                 0.171    0.012    0.149      0.171    0.159      0.149    0.973     0.289     nmap
                 0.900    0.068    0.283      0.900    0.430      0.482    0.982     0.673     satan
                 0.998    0.101    0.175      0.998    0.298      0.396    0.993     0.649     smurf
                 0.975    0.144    0.011      0.975    0.021      0.094    0.981     0.269     pod
                 0.968    0.088    0.078      0.968    0.144      0.261    0.991     0.933     back
                 0.981    0.003    0.107      0.981    0.193      0.323    0.999     0.419     guess_passwd
                 1.000    0.012    0.005      1.000    0.010      0.071    0.996     0.137     ftp_write
                 0.714    0.001    0.028      0.714    0.054      0.141    0.999     0.164     multihop
                 0.800    0.002    0.030      0.800    0.058      0.155    0.998     0.034     rootkit
                 0.233    0.002    0.032      0.233    0.056      0.086    0.997     0.126     buffer_overflow
                 0.909    0.001    0.099      0.909    0.179      0.300    0.999     0.479     imap
                 1.000    0.006    0.027      1.000    0.052      0.163    1.000     0.475     warezmaster
                 1.000    0.000    0.800      1.000    0.889      0.894    1.000     1.000     phf
                 1.000    0.001    0.207      1.000    0.343      0.455    1.000     0.234     land
                 0.778    0.002    0.025      0.778    0.049      0.140    0.999     0.075     loadmodule
                 1.000    0.000    0.667      1.000    0.800      0.816    1.000     0.667     spy
                 1.000    0.000    0.500      1.000    0.667      0.707    1.000     1.000     perl
Weighted Avg.    0.514    0.008    0.909      0.514    0.573      0.548    0.989     0.934     

=== Confusion Matrix ===

     a     b     c     d     e     f     g     h     i     j     k     l     m     n     o     p     q     r     s     t     u     v     w   <-- classified as
 16310    67  2513  2197   456     0  1058  1741 12403 16944 10991   419   919   160   179    43    59   636     1    20   224     1     2 |     a = normal
     2 35059     0     0     9     0   344  5723     0     0     0     0     0     0     0     0    31     0     0    46     0     0     0 |     b = neptune
     3     0   473     0     2     0     4     5     0     1     0     0   172     0    22   165     0    19     0     0    24     0     0 |     c = warezclient
     3     0     0  2464    34     0     0     0     0   643     0     8   415     1     0     5     0    21     0     0     5     0     0 |     d = ipsweep
     5    14     0     2  2093     0     0   811     0     4     0     0     1     0     1     0     0     0     0     0     0     0     0 |     e = portsweep
     0     0     0     0     0   888     0     0     0     4     0     0     0     0     0     0     0     0     0     0     0     0     0 |     f = teardrop
     2     0     0   643     8     0   255     2     0   477     0     0    29     0    28     0     0    42     0     3     4     0     0 |     g = nmap
   153     0     3     0     1     0    51  3268    31    90     0     0     2     0    23     0     0     1     0     0     9     0     1 |     h = satan
     0     0     0     0     0     0     0     0  2640     5     0     0     1     0     0     0     0     0     0     0     0     0     0 |     i = smurf
     0     0     0     0     0     0     0     0     2   196     0     0     2     0     0     0     0     1     0     0     0     0     0 |     j = pod
    18     0     0     1     0     0     0     0     0     0   925     8     1     0     0     0     0     3     0     0     0     0     0 |     k = back
     0     0     0     0     0     0     0     0     0     0     0    52     0     0     0     0     1     0     0     0     0     0     0 |     l = guess_passwd
     0     0     0     0     0     0     0     0     0     0     0     0     8     0     0     0     0     0     0     0     0     0     0 |     m = ftp_write
     0     0     0     0     0     0     0     0     0     0     0     0     0     5     0     0     0     2     0     0     0     0     0 |     n = multihop
     0     0     0     0     0     0     0     0     0     0     0     0     2     0     8     0     0     0     0     0     0     0     0 |     o = rootkit
     0     0     0     0     0     0     0     0     0     0     0     0     4    12     3     7     0     1     0     0     3     0     0 |     p = buffer_overflow
     0     0     0     0     0     0     0     0     0     0     0     0     0     0     1     0    10     0     0     0     0     0     0 |     q = imap
     0     0     0     0     0     0     0     0     0     0     0     0     0     0     0     0     0    20     0     0     0     0     0 |     r = warezmaster
     0     0     0     0     0     0     0     0     0     0     0     0     0     0     0     0     0     0     4     0     0     0     0 |     s = phf
     0     0     0     0     0     0     0     0     0     0     0     0     0     0     0     0     0     0     0    18     0     0     0 |     t = land
     0     0     0     0     0     0     0     0     0     0     0     0     1     1     0     0     0     0     0     0     7     0     0 |     u = loadmodule
     0     0     0     0     0     0     0     0     0     0     0     0     0     0     0     0     0     0     0     0     0     2     0 |     v = spy
     0     0     0     0     0     0     0     0     0     0     0     0     0     0     0     0     0     0     0     0     0     0     3 |     w = perl

